"","0hrs","1hrs","2hrs","3hrs"
"6",0.482174555334338,0.38613960494201,0.398831967094805,0.113401148576337
"13.5",0.479240426629139,0.0108354417572933,0.363097754011564,0.657703346598858
"21",0.728705223833372,0.0962313258129614,0.572484412403106,0.801935395598411
"28.5",0.541658801398796,0.444168668601017,0.686692724815472,1.68653374910355
"36",0.365061371070559,0.448927780346199,0.694790166736066,0.846361058500155
