"","0hrs","1hrs","2hrs","3hrs"
"6",0.482174555334338,0.38613960494201,0.364382307272387,0.444741757951882
"13.5",0.479240426629139,0.0108354417572933,0.473181970778725,0.462439487559926
"21",0.728705223833372,0.0962313258129614,0.510006597472562,0.679711440948211
"28.5",0.541658801398796,0.444168668601017,0.660675742560106,0.81972421264394
"36",0.365061371070559,0.448927780346199,0.696944175990037,1.00045124083546
