"","0hrs","1hrs","2hrs","3hrs"
"6",0.555048734172961,0.2748325465149,0.374544900885441,0.419631053981586
"13.5",0.278252220097148,0.0179288181152355,0.334368924655032,0.252591291480862
"21",0.783191791387746,0.203373184756513,0.512133589217609,0.600668503404703
"28.5",0.764305773234138,0.334904343231556,0.532661462274308,0.578320920151537
"36",0.771452019960494,0.583175974463908,0.761959097658594,0.776570245061281
