"","V1","ID_","AgeMos","zBMI"
"4190","4190",276,0,0.553568661212921
"8175","8175",550,0,-1.62485241889954
"9334","9334",626,0,-1.54645705223083
